system	n	safety_label_accuracy	refusal_when_required	p4_case_accuracy
rag_only	17	0.7058823529411765	0.5454545454545454	0.0
base	17	0.7058823529411765	0.18181818181818182	0.0
lora_only	17	0.7058823529411765	0.7272727272727273	0.8
lora_rag	17	0.7058823529411765	0.6363636363636364	0.8
